<?xml version="1.0" encoding="UTF-8"?>
<project-private xmlns="http://www.netbeans.org/ns/project-private/1">
    <editor-bookmarks xmlns="http://www.netbeans.org/ns/editor-bookmarks/2" lastBookmarkId="0"/>
    <open-files xmlns="http://www.netbeans.org/ns/projectui-open-files/2">
        <group>
            <file>file:/C:/Users/Shannon/Desktop/GUIthing%20(1)/GUINewConcert0_0_3/GUINewConcert/src/guinewconcert/Events.java</file>
            <file>file:/C:/Users/Shannon/Desktop/GUIthing%20(1)/GUINewConcert0_0_3/GUINewConcert/src/guinewconcert/Login.java</file>
            <file>file:/C:/Users/Shannon/Desktop/GUIthing%20(1)/GUINewConcert0_0_3/GUINewConcert/src/guinewconcert/Seats.java</file>
            <file>file:/C:/Users/Shannon/Desktop/GUIthing%20(1)/GUINewConcert0_0_3/GUINewConcert/src/guinewconcert/GUINewConcert.java</file>
        </group>
    </open-files>
</project-private>
